2026-04-15_20-38-22,0,main.go:2026-04-15_20-38-22
2026-04-15_20-40-34,0,main.go:2026-04-15_20-40-34
2026-04-15_20-40-55,0,main.go:2026-04-15_20-40-55
2026-04-15_20-41-22,0,main.go:2026-04-15_20-41-22
2026-04-15_20-41-53,0,main.go:2026-04-15_20-41-53
2026-04-15_20-42-04,0,main.go:2026-04-15_20-42-04
2026-04-15_20-47-32,0,main.go:2026-04-15_20-47-32
2026-04-15_20-59-14,0,main.go:2026-04-15_20-59-14
2026-04-15_21-00-54,0,main.go:2026-04-15_21-00-54
2026-04-15_21-01-44,0,main.go:2026-04-15_21-01-44
2026-04-15_21-02-34,0,main.go:2026-04-15_21-01-44
2026-04-15_21-03-36,0,main.go:2026-04-15_21-03-36
2026-04-15_21-04-17,0,main.go:2026-04-15_21-04-17
2026-04-15_21-04-32,16,main.go:2026-04-15_21-04-32
2026-04-15_21-04-51,0,main.go:2026-04-15_21-04-51
2026-04-15_21-05-13,16,main.go:2026-04-15_21-05-13
2026-04-15_21-06-37,16,main.go:2026-04-15_21-06-37
2026-04-15_21-22-13,16,main.go:2026-04-15_21-22-13
2026-04-15_21-23-22,16,main.go:2026-04-15_21-23-22
2026-04-15_21-27-42,16,main.go:2026-04-15_21-27-42
2026-04-15_21-28-13,16,main.go:2026-04-15_21-28-13
2026-04-15_21-28-58,16,main.go:2026-04-15_21-28-58
2026-04-15_21-29-29,16,main.go:2026-04-15_21-29-29
2026-04-15_21-29-31,16,main.go:2026-04-15_21-29-29
2026-04-15_21-29-32,16,main.go:2026-04-15_21-29-29
2026-04-15_21-30-12,33,main.go:2026-04-15_21-30-12
2026-04-15_21-31-28,50,main.go:2026-04-15_21-31-28
2026-04-15_21-35-48,0,main.go:2026-04-15_21-35-48
2026-04-15_21-33-59,50,main.go:2026-04-15_21-33-59
2026-04-15_21-46-37,50,main.go:2026-04-15_21-46-37
2026-04-15_21-47-04,50,main.go:2026-04-15_21-47-04
2026-04-15_21-47-18,50,main.go:2026-04-15_21-47-18
2026-04-15_21-48-48,50,main.go:2026-04-15_21-48-48
2026-04-15_21-49-58,66,main.go:2026-04-15_21-49-58
2026-04-15_21-51-42,66,main.go:2026-04-15_21-51-42
2026-04-15_21-51-55,66,main.go:2026-04-15_21-51-55
2026-04-15_21-53-00,66,main.go:2026-04-15_21-53-00
2026-04-15_21-53-26,66,main.go:2026-04-15_21-53-26
2026-04-15_21-54-22,66,main.go:2026-04-15_21-54-22
2026-04-15_21-55-08,83,main.go:2026-04-15_21-55-08
2026-04-15_21-56-50,83,main.go:2026-04-15_21-55-08
2026-04-15_22-16-07,100,main.go:2026-04-15_22-16-07
