2026-03-16_11-04-45,0,draft.go:2026-03-16_11-04-45
2026-03-16_11-05-09,---,draft.go:2026-03-16_11-04-45
2026-03-16_11-06-45,0,draft.go:2026-03-16_11-04-45
2026-03-16_11-59-11,0,draft.go:2026-03-16_11-59-11
2026-03-16_16-20-19,0,draft.go:2026-03-16_16-20-19
2026-03-16_16-20-38,0,draft.go:2026-03-16_16-20-38
2026-03-16_16-24-00,0,draft.go:2026-03-16_16-20-38
2026-03-16_16-25-44,0,draft.go:2026-03-16_16-25-44
2026-03-17_10-07-06,0,draft.go:2026-03-16_16-25-44
2026-03-17_10-14-14,0,draft.go:2026-03-17_10-14-14
2026-03-17_10-16-17,0,draft.go:2026-03-17_10-16-17
2026-03-17_10-20-58,0,draft.go:2026-03-17_10-20-58
2026-03-17_10-21-19,0,draft.go:2026-03-17_10-21-19
2026-03-17_10-21-41,0,draft.go:2026-03-17_10-21-41
2026-03-17_10-37-43,0,draft.go:2026-03-17_10-37-43
2026-03-17_10-37-59,0,draft.go:2026-03-17_10-37-59
2026-03-17_10-39-52,0,draft.go:2026-03-17_10-39-52
2026-03-17_10-43-23,0,draft.go:2026-03-17_10-43-23
2026-03-17_10-43-34,0,draft.go:2026-03-17_10-43-34
2026-03-17_10-44-11,0,draft.go:2026-03-17_10-44-11
2026-03-17_10-44-45,0,draft.go:2026-03-17_10-44-45
2026-03-17_10-45-00,0,draft.go:2026-03-17_10-45-00
2026-03-17_10-45-18,0,draft.go:2026-03-17_10-45-18
2026-03-17_10-51-30,0,draft.go:2026-03-17_10-51-30
2026-03-17_10-51-52,0,draft.go:2026-03-17_10-51-52
2026-03-17_10-54-19,0,draft.go:2026-03-17_10-54-19
2026-03-17_10-55-14,0,draft.go:2026-03-17_10-55-14
2026-03-17_11-04-16,0,draft.go:2026-03-17_11-04-16
2026-03-17_11-09-33,0,draft.go:2026-03-17_11-09-33
2026-03-17_11-12-01,0,draft.go:2026-03-17_11-12-01
2026-03-17_11-19-03,0,draft.go:2026-03-17_11-19-03
2026-03-17_11-19-25,0,draft.go:2026-03-17_11-19-25
2026-03-17_11-19-47,0,draft.go:2026-03-17_11-19-47
2026-03-17_11-21-35,0,draft.go:2026-03-17_11-21-35
2026-03-17_11-29-05,0,draft.go:2026-03-17_11-29-05
2026-03-17_11-31-01,0,draft.go:2026-03-17_11-31-01
2026-03-17_11-32-06,0,draft.go:2026-03-17_11-32-06
2026-03-17_11-32-19,0,draft.go:2026-03-17_11-32-19
2026-03-17_11-32-29,0,draft.go:2026-03-17_11-32-29
2026-03-17_11-33-20,0,draft.go:2026-03-17_11-33-20
2026-03-17_11-33-39,0,draft.go:2026-03-17_11-33-39
2026-03-17_11-34-06,0,draft.go:2026-03-17_11-34-06
2026-03-17_11-34-40,0,draft.go:2026-03-17_11-34-40
2026-03-17_11-37-17,0,draft.go:2026-03-17_11-37-17
2026-03-17_11-43-24,0,draft.go:2026-03-17_11-43-24
2026-03-17_11-42-33,0,draft.go:2026-03-17_11-42-33
2026-03-17_11-42-55,0,draft.go:2026-03-17_11-42-55
2026-03-17_11-43-19,0,draft.go:2026-03-17_11-43-19
2026-03-17_11-43-47,0,draft.go:2026-03-17_11-43-47
2026-03-17_11-43-57,0,draft.go:2026-03-17_11-43-57
2026-03-17_11-44-16,0,draft.go:2026-03-17_11-44-16
2026-03-17_11-44-36,0,draft.go:2026-03-17_11-44-36
2026-03-17_11-47-45,0,draft.go:2026-03-17_11-47-45
2026-03-17_11-47-59,0,draft.go:2026-03-17_11-47-59
2026-03-17_11-47-43,0,draft.go:2026-03-17_11-47-43
2026-03-17_11-48-00,0,draft.go:2026-03-17_11-48-00
2026-03-17_11-50-15,0,draft.go:2026-03-17_11-50-15
2026-03-17_11-53-08,0,draft.go:2026-03-17_11-53-08
2026-03-17_11-54-14,0,draft.go:2026-03-17_11-54-14
2026-03-17_11-56-05,0,draft.go:2026-03-17_11-56-05
2026-03-17_11-59-24,0,draft.go:2026-03-17_11-59-24
2026-03-17_12-00-30,0,draft.go:2026-03-17_12-00-30
2026-03-17_12-04-14,0,draft.go:2026-03-17_12-04-14
2026-03-17_12-09-12,0,draft.go:2026-03-17_12-09-12
2026-03-17_12-08-19,0,draft.go:2026-03-17_12-08-19
2026-03-17_12-10-41,0,draft.go:2026-03-17_12-10-41
