2026-07-06_13-17-55,25,main.go:2026-07-06_13-17-55;stack.go:2026-07-06_13-17-55
2026-07-06_13-22-31,25,main.go:2026-07-06_13-17-55;stack.go:2026-07-06_13-17-55
2026-07-06_13-28-25,25,main.go:2026-07-06_13-17-55;stack.go:2026-07-06_13-17-55
2026-07-06_13-29-04,25,main.go:2026-07-06_13-17-55;stack.go:2026-07-06_13-17-55
2026-07-06_13-35-17,0,main.go:2026-07-06_13-35-17;stack.go:2026-07-06_13-17-55
2026-07-06_13-38-03,0,main.go:2026-07-06_13-38-03;stack.go:2026-07-06_13-17-55
2026-07-06_13-42-28,0,main.go:2026-07-06_13-38-03;stack.go:2026-07-06_13-17-55
2026-07-06_13-47-23,0,main.go:2026-07-06_13-38-03;stack.go:2026-07-06_13-17-55
2026-07-06_13-43-13,0,main.go:2026-07-06_13-38-03;stack.go:2026-07-06_13-17-55
2026-07-06_13-52-27,0,main.go:2026-07-06_13-52-27;stack.go:2026-07-06_13-17-55
2026-07-06_13-52-33,0,main.go:2026-07-06_13-52-27;stack.go:2026-07-06_13-17-55
2026-07-06_14-02-50,0,main.go:2026-07-06_14-02-50;stack.go:2026-07-06_13-17-55
2026-07-06_14-02-57,0,main.go:2026-07-06_14-02-50;stack.go:2026-07-06_13-17-55
2026-07-06_14-02-58,0,main.go:2026-07-06_14-02-50;stack.go:2026-07-06_13-17-55
2026-07-06_14-08-51,0,main.go:2026-07-06_14-08-51;stack.go:2026-07-06_13-17-55
2026-07-06_14-08-52,0,main.go:2026-07-06_14-08-51;stack.go:2026-07-06_13-17-55
2026-07-06_14-10-11,0,main.go:2026-07-06_14-10-11;stack.go:2026-07-06_13-17-55
2026-07-06_14-10-43,100,main.go:2026-07-06_14-10-43;stack.go:2026-07-06_13-17-55
